ci95_high,ci95_low,direction,max,mean,median,method,metric,min,n,n_missing,sample_std,sem,unit
58.820440542509836,49.679559457490164,higher_better,56.0,54.25,55.5,majority_vote,benign_total_deliveries_completed,50.0,4,0,2.8722813232690143,1.4361406616345072,deliveries
53.27366945795,43.72633054205,higher_better,50.0,48.5,50.0,majority_vote,benign_deliveries_after_attack,44.0,4,0,3.0,1.5,deliveries
46.108520513542075,37.891479486457925,higher_better,45.0,42.0,42.0,majority_vote,benign_deliveries_after_distrust,39.0,4,0,2.581988897471611,1.2909944487358056,deliveries
0.29410220271254917,0.2483977972874508,higher_better,0.28,0.27125,0.2775,majority_vote,benign_success_rate,0.25,4,0,0.014361406616345085,0.007180703308172542,ratio
23.52817621700393,19.871823782996067,higher_better,22.4,21.7,22.2,majority_vote,deliveries_per_1000_steps,20.0,4,0,1.1489125293076052,0.5744562646538026,deliveries/1000 steps
318.3020349262299,-137.80203492622988,lower_better,301.0,90.25,30.0,majority_vote,benign_no_path_steps,0.0,4,0,143.318700803489,71.6593504017445,steps
92.1792048932999,84.2764769248819,lower_better,91.6,88.2278409090909,87.72711038961039,majority_vote,distance_per_delivery,85.85714285714286,4,0,2.4832242904638835,1.2416121452319417,distance/delivery
99.1299898868394,83.8216010222515,lower_better,98.56,91.47579545454545,89.68051948051948,majority_vote,benign_delivery_cycle_duration_mean_steps,87.98214285714286,4,0,4.810258334631923,2.4051291673159616,steps
98.42987589544228,86.07012410455772,lower_better,96.5,92.25,92.5,majority_vote,benign_delivery_cycle_duration_median_steps,87.5,4,0,3.8837267325770144,1.9418633662885072,steps
137.5382101512959,107.08678984870403,lower_better,136.49999999999991,122.31249999999997,118.375,majority_vote,benign_delivery_cycle_duration_p95_steps,116.0,4,0,9.568557449619345,4.784278724809672,steps
54.463444222598355,40.83489993324581,lower_better,53.96,47.64917207792208,45.91655844155844,majority_vote,benign_loaded_delivery_duration_mean_steps,44.80357142857143,4,0,4.282411384806641,2.1412056924033207,steps
51.38874507753323,46.11125492246677,lower_better,51.0,48.75,48.25,majority_vote,benign_loaded_delivery_duration_median_steps,47.5,4,0,1.6583123951777,0.82915619758885,steps
71.60518664331647,61.89481335668353,lower_better,70.19999999999999,66.75,66.64999999999999,majority_vote,benign_loaded_delivery_duration_p95_steps,63.5,4,0,3.0512292604784643,1.5256146302392322,steps
4999.587522748278,4562.912477251722,lower_better,4873.0,4781.25,4836.0,majority_vote,benign_total_distance,4580.0,4,0,137.2136412071822,68.6068206035911,cells
807.3475890533016,272.65241094669835,lower_better,789.0,540.0,470.5,majority_vote,benign_planning_checks,430.0,4,0,168.01388831482552,84.00694415741276,checks
326.44984381793086,214.55015618206914,lower_better,322.0,270.5,256.5,majority_vote,benign_path_changes,247.0,4,0,35.16153201061258,17.58076600530629,changes
117.5760347764193,-10.076034776419299,diagnostic,113.0,53.75,38.5,majority_vote,temporary_obstacle_replan_checks,25.0,4,0,40.11130347753195,20.055651738765974,checks
117.5760347764193,-10.076034776419299,diagnostic,113.0,53.75,38.5,majority_vote,temporary_obstacle_path_changes,25.0,4,0,40.11130347753195,20.055651738765974,changes
0.0,0.0,diagnostic,0.0,0.0,0.0,majority_vote,robot_on_route_replan_checks,0.0,4,0,0.0,0.0,checks
0.0,0.0,diagnostic,0.0,0.0,0.0,majority_vote,robot_on_route_path_changes,0.0,4,0,0.0,0.0,changes
12.43484630429582,4.065153695704179,lower_better,12.0,8.25,7.5,majority_vote,malicious_report_replan_checks,6.0,4,0,2.6299556396765835,1.3149778198382918,checks
9.256079346569727,3.7439206534302727,lower_better,9.0,6.5,6.0,majority_vote,malicious_report_path_changes,5.0,4,0,1.7320508075688772,0.8660254037844386,changes
11.675943048255512,1.8240569517444882,lower_better,11.0,6.75,6.0,majority_vote,fake_obstacle_replan_checks,4.0,4,0,3.095695936834452,1.547847968417226,checks
8.437434881875907,1.5625651181240934,lower_better,8.0,5.0,4.5,majority_vote,fake_obstacle_path_changes,3.0,4,0,2.160246899469287,1.0801234497346435,changes
0.0,0.0,lower_better,0.0,0.0,0.0,majority_vote,false_clearance_replan_checks,0.0,4,0,0.0,0.0,checks
0.0,0.0,lower_better,0.0,0.0,0.0,majority_vote,false_clearance_path_changes,0.0,4,0,0.0,0.0,changes
2.4186931155232423,0.5813068844767576,lower_better,2.0,1.5,1.5,majority_vote,stale_reassertion_replan_checks,1.0,4,0,0.5773502691896257,0.28867513459481287,checks
2.4186931155232423,0.5813068844767576,lower_better,2.0,1.5,1.5,majority_vote,stale_reassertion_path_changes,1.0,4,0,0.5773502691896257,0.28867513459481287,changes
0.0,0.0,target_zero,0.0,0.0,0.0,majority_vote,benign_blocked_moves,0.0,4,0,0.0,0.0,moves
6.55189855952592,3.496672869045508,lower_better,6.44,5.024285714285714,4.623214285714285,majority_vote,replans_per_delivery,4.410714285714286,4,0,0.9600242698179334,0.4800121349089667,replans/delivery
0.491710011493807,0.20127700149320607,lower_better,0.45454545454545453,0.3464935064935065,0.34964285714285714,majority_vote,traffic_waits_per_delivery,0.23214285714285715,4,0,0.09126093015832441,0.04563046507916221,waits/delivery
0.0,0.0,lower_better,0.0,0.0,0.0,majority_vote,deadlocks_detected,0.0,4,0,0.0,0.0,deadlocks
0.0,0.0,target_zero,0.0,0.0,0.0,majority_vote,robot_overlap_violations,0.0,4,0,0.0,0.0,violations
0.0,0.0,target_zero,0.0,0.0,0.0,majority_vote,intent_commit_mismatches,0.0,4,0,0.0,0.0,mismatches
1.0,1.0,diagnostic,1.0,1.0,1.0,majority_vote,productive_replan_ratio,1.0,4,0,0.0,0.0,ratio
672.0716836510533,350.92831634894674,diagnostic,607.0,511.5,535.0,majority_vote,time_to_distrust_malicious_robot,369.0,4,0,100.9108517454887,50.45542587274435,steps
1189.3051531970978,259.69484680290225,diagnostic,1070.0,724.5,708.5,majority_vote,time_to_all_benign_distrust,411.0,4,0,292.10557452172435,146.05278726086217,steps
2.0,2.0,higher_better,2.0,2.0,2.0,majority_vote,distrusted_benign_robot_count,2.0,4,0,0.0,0.0,robots
0.16691075034826433,-0.025637867087744376,diagnostic,0.14792419011204322,0.07063644163025998,0.06584725429160473,majority_vote,attacker_min_trust_mean,0.0029270678257872222,4,0,0.060503335787736943,0.030251667893868472,trust
1.0005348937428853,0.9983237335002929,diagnostic,0.9999322030686005,0.999429313621589,0.9996912470918262,majority_vote,final_attacker_trust_mean,0.9984025572341034,4,0,0.0006947989158245622,0.0003473994579122811,trust
0.0,0.0,higher_better,0.0,0.0,0.0,majority_vote,malicious_reports_operationally_ignored,0.0,4,0,0.0,0.0,reports
12.031889427967794,1.9681105720322059,lower_better,11.0,7.0,6.5,majority_vote,attack_induced_path_changes,4.0,4,0,3.1622776601683795,1.5811388300841898,attacks
3.0989516573406775,0.6418737014075098,lower_better,2.6339281155933034,1.8704126793740936,1.9638554920945515,majority_vote,attack_route_penalty_mean,0.9200116177139683,4,0,0.7720720855026479,0.38603604275132397,cost
71.6241052442584,-0.4383538124064543,lower_better,65.30795007136236,35.59287571592597,31.531776396170766,majority_vote,attack_route_penalty_max,14.0,4,0,22.643731313440565,11.321865656720282,cost
138.1371176747282,29.02948077193821,lower_better,118.52676520169865,83.5832992233332,87.20295444725278,majority_vote,attack_route_penalty_total,41.40052279712857,4,0,34.28420354526758,17.14210177263379,cost
1.106386294284031,0.2809874430897063,lower_better,0.8636363636363636,0.6936868686868687,0.8,majority_vote,attack_extra_path_length_mean,0.3111111111111111,4,0,0.25935986722532206,0.12967993361266103,cells
29.02431738627891,6.975682613721091,lower_better,24.0,18.0,20.0,majority_vote,attack_extra_path_length_max,8.0,4,0,6.928203230275509,3.4641016151377544,cells
49.28176217003934,12.71823782996066,lower_better,38.0,31.0,36.0,majority_vote,attack_extra_path_length_total,14.0,4,0,11.489125293076057,5.744562646538029,cells
325.0398148185195,21.960185181480483,lower_better,294.0,173.5,169.5,majority_vote,steps_route_affected_by_attacker,61.0,4,0,95.2347975619556,47.6173987809778,steps
0.7686045051945317,0.2668672826398909,diagnostic,0.639713518171647,0.5177358939172113,0.5613584265240986,majority_vote,recovery_start_attacker_trust_mean,0.30851320444900077,4,0,0.15765771812679288,0.07882885906339644,trust
0.7330403416790515,0.23030613250424503,diagnostic,0.691094518492376,0.4816732370916483,0.43845469540588033,majority_vote,recovery_trust_gain,0.3586890390624564,4,0,0.157970994934796,0.078985497467398,trust
6.418693115523243,4.581306884476757,higher_better,6.0,5.5,5.5,majority_vote,deliveries_during_recon,5.0,4,0,0.5773502691896257,0.28867513459481287,deliveries
40.820440542509836,31.679559457490164,higher_better,38.0,36.25,37.5,majority_vote,deliveries_during_attack,32.0,4,0,2.8722813232690143,1.4361406616345072,deliveries
12.0,12.0,higher_better,12.0,12.0,12.0,majority_vote,deliveries_during_recovery,12.0,4,0,0.0,0.0,deliveries
14.750988089719112,1.2490119102808892,lower_better,14.0,8.0,7.0,majority_vote,traffic_wait_steps_during_attack,4.0,4,0,4.242640687119285,2.1213203435596424,steps
167.62318556459354,63.37681443540647,lower_better,164.0,115.5,103.0,majority_vote,replans_during_attack,92.0,4,0,32.7566787083184,16.3783393541592,replans
3.91493507854291,-0.11714096089585091,lower_better,3.445588235294118,1.8988970588235294,1.8286764705882352,majority_vote,mean_influential_fake_cells_during_attack,0.49264705882352944,4,0,1.26697378451407,0.633486892257035,cells
3.91493507854291,-0.11714096089585091,lower_better,3.445588235294118,1.8988970588235294,1.8286764705882352,majority_vote,attack_mean_influential_fake_cells,0.49264705882352944,4,0,1.26697378451407,0.633486892257035,cells
0.09859915154798937,0.0014008484520106404,lower_better,0.09264705882352942,0.05,0.04338235294117647,majority_vote,attack_fraction_samples_influenced,0.020588235294117647,4,0,0.030542008810676893,0.015271004405338446,ratio
0.8553280722773644,0.04889087580484802,lower_better,0.8039950878451492,0.45210947404110624,0.39156180342131885,majority_vote,attack_mean_attacker_route_cost,0.22131920147663806,4,0,0.2534016662369095,0.12670083311845476,cost
0.09859915154798937,0.0014008484520106404,lower_better,0.09264705882352942,0.05,0.04338235294117647,majority_vote,attack_fraction_route_affected,0.020588235294117647,4,0,0.030542008810676893,0.015271004405338446,ratio
55.41869311552324,53.58130688447676,higher_better,55.0,54.5,54.5,full_trust,benign_total_deliveries_completed,54.0,4,0,0.5773502691896257,0.28867513459481287,deliveries
50.273480180836614,47.226519819163386,higher_better,50.0,48.75,48.5,full_trust,benign_deliveries_after_attack,48.0,4,0,0.9574271077563381,0.47871355387816905,deliveries
46.46753088380993,41.03246911619007,higher_better,46.0,43.75,43.5,full_trust,benign_deliveries_after_distrust,42.0,4,0,1.707825127659933,0.8539125638299665,deliveries
0.2770934655776162,0.2679065344223838,higher_better,0.275,0.2725,0.2725,full_trust,benign_success_rate,0.27,4,0,0.0028867513459481316,0.0014433756729740658,ratio
22.167477246209298,21.432522753790703,higher_better,22.0,21.8,21.8,full_trust,deliveries_per_1000_steps,21.6,4,0,0.2309401076758495,0.11547005383792475,deliveries/1000 steps
157.85929242505165,-81.35929242505166,lower_better,151.0,38.25,1.0,full_trust,benign_no_path_steps,0.0,4,0,75.1681448487323,37.58407242436615,steps
90.44633379131245,86.7602318652532,lower_better,90.22222222222223,88.60328282828283,88.34545454545454,full_trust,distance_per_delivery,87.5,4,0,1.1582605242767061,0.5791302621383531,distance/delivery
91.05385989023301,89.02964179326867,lower_better,90.5925925925926,90.04175084175084,90.04175084175084,full_trust,benign_delivery_cycle_duration_mean_steps,89.49090909090908,4,0,0.6360572662587441,0.3180286331293721,steps
96.11689841271523,88.88310158728477,lower_better,94.5,92.5,93.0,full_trust,benign_delivery_cycle_duration_median_steps,89.5,4,0,2.273030282830976,1.136515141415488,steps
123.79534371383926,117.35465628616072,lower_better,123.39999999999998,120.57499999999999,120.15,full_trust,benign_delivery_cycle_duration_p95_steps,118.6,4,0,2.02381652659852,1.01190826329926,steps
47.615427423603265,44.63945473127889,lower_better,47.111111111111114,46.12744107744108,46.235690235690235,full_trust,benign_loaded_delivery_duration_mean_steps,44.92727272727273,4,0,0.9351211008236756,0.4675605504118378,steps
49.72365691713626,44.77634308286374,lower_better,49.5,47.25,46.75,full_trust,benign_loaded_delivery_duration_median_steps,46.0,4,0,1.5545631755148024,0.7772815877574012,steps
70.55653048945713,61.968469510542846,lower_better,69.6,66.26249999999999,66.22499999999998,full_trust,benign_loaded_delivery_duration_p95_steps,63.0,4,0,2.698572153318613,1.3492860766593064,steps
4939.857757210182,4717.642242789818,lower_better,4872.0,4828.75,4859.0,full_trust,benign_total_distance,4725.0,4,0,69.82537743065434,34.91268871532717,cells
553.9498095430071,383.55019045699294,lower_better,549.0,468.75,443.5,full_trust,benign_planning_checks,439.0,4,0,53.5435959444887,26.77179797224435,checks
298.6561907805196,222.34380921948042,lower_better,276.0,260.5,270.5,full_trust,benign_path_changes,225.0,4,0,23.979157616563597,11.989578808281799,changes
59.33613901038747,18.663860989612534,diagnostic,52.0,39.0,40.5,full_trust,temporary_obstacle_replan_checks,23.0,4,0,12.780193008453876,6.390096504226938,checks
59.33613901038747,18.663860989612534,diagnostic,52.0,39.0,40.5,full_trust,temporary_obstacle_path_changes,23.0,4,0,12.780193008453876,6.390096504226938,changes
0.0,0.0,diagnostic,0.0,0.0,0.0,full_trust,robot_on_route_replan_checks,0.0,4,0,0.0,0.0,checks
0.0,0.0,diagnostic,0.0,0.0,0.0,full_trust,robot_on_route_path_changes,0.0,4,0,0.0,0.0,changes
15.309052667491503,6.690947332508497,lower_better,13.0,11.0,12.0,full_trust,malicious_report_replan_checks,7.0,4,0,2.70801280154532,1.35400640077266,checks
12.93484630429582,4.565153695704179,lower_better,11.0,8.75,9.5,full_trust,malicious_report_path_changes,5.0,4,0,2.6299556396765835,1.3149778198382918,changes
13.030390566152143,6.469609433847857,lower_better,12.0,9.75,10.0,full_trust,fake_obstacle_replan_checks,7.0,4,0,2.0615528128088303,1.0307764064044151,checks
11.287868752830096,3.7121312471699035,lower_better,10.0,7.5,7.5,full_trust,fake_obstacle_path_changes,5.0,4,0,2.3804761428476167,1.1902380714238083,changes
0.0,0.0,lower_better,0.0,0.0,0.0,full_trust,false_clearance_replan_checks,0.0,4,0,0.0,0.0,checks
0.0,0.0,lower_better,0.0,0.0,0.0,full_trust,false_clearance_path_changes,0.0,4,0,0.0,0.0,changes
3.636834728975,-1.1368347289749998,lower_better,3.0,1.25,1.0,full_trust,stale_reassertion_replan_checks,0.0,4,0,1.5,0.75,checks
3.636834728975,-1.1368347289749998,lower_better,3.0,1.25,1.0,full_trust,stale_reassertion_path_changes,0.0,4,0,1.5,0.75,changes
0.0,0.0,target_zero,0.0,0.0,0.0,full_trust,benign_blocked_moves,0.0,4,0,0.0,0.0,moves
5.4486723097353655,4.108398397335342,lower_better,5.111111111111111,4.778535353535354,4.918181818181818,full_trust,replans_per_delivery,4.166666666666667,4,0,0.4211458054038336,0.2105729027019168,replans/delivery
0.7184331863970526,0.1049674870036208,lower_better,0.6909090909090909,0.4117003367003367,0.34831649831649836,full_trust,traffic_waits_per_delivery,0.25925925925925924,4,0,0.1927654516501268,0.0963827258250634,waits/delivery
0.0,0.0,lower_better,0.0,0.0,0.0,full_trust,deadlocks_detected,0.0,4,0,0.0,0.0,deadlocks
0.0,0.0,target_zero,0.0,0.0,0.0,full_trust,robot_overlap_violations,0.0,4,0,0.0,0.0,violations
0.0,0.0,target_zero,0.0,0.0,0.0,full_trust,intent_commit_mismatches,0.0,4,0,0.0,0.0,mismatches
1.0,1.0,diagnostic,1.0,1.0,1.0,full_trust,productive_replan_ratio,1.0,4,0,0.0,0.0,ratio
679.8100433365719,266.1899566634282,diagnostic,646.0,473.0,438.0,full_trust,time_to_distrust_malicious_robot,370.0,4,0,129.96922712703957,64.98461356351979,steps
884.1774352357354,441.3225647642646,diagnostic,840.0,662.75,639.0,full_trust,time_to_all_benign_distrust,533.0,4,0,139.15548857303475,69.57774428651737,steps
2.0,2.0,higher_better,2.0,2.0,2.0,full_trust,distrusted_benign_robot_count,2.0,4,0,0.0,0.0,robots
0.13224394710759768,-0.004304441379621507,diagnostic,0.1233810718822782,0.0639697528639881,0.05530487623608676,full_trust,attacker_min_trust_mean,0.02188818710150064,4,0,0.042906737581028,0.021453368790514,trust
1.002314942733124,0.9938825177263177,diagnostic,0.9998331225195782,0.9980987302297208,0.9991648825205939,full_trust,final_attacker_trust_mean,0.9942320333581172,4,0,0.0026496676449066815,0.0013248338224533408,trust
0.0,0.0,higher_better,0.0,0.0,0.0,full_trust,malicious_reports_operationally_ignored,0.0,4,0,0.0,0.0,reports
13.905162715769638,8.094837284230362,lower_better,13.0,11.0,11.0,full_trust,attack_induced_path_changes,9.0,4,0,1.8257418583505538,0.9128709291752769,attacks
3.5661515064869,1.8335088987330144,lower_better,3.3595371771102904,2.699830202609957,2.675712656959025,full_trust,attack_route_penalty_mean,2.0883583194114888,4,0,0.5444373420749842,0.2722186710374921,cost
64.18988106977298,3.3771247744213575,lower_better,52.065164739567464,33.78350292209717,34.74552108051166,full_trust,attack_route_penalty_max,13.577804787797916,4,0,19.108808275594452,9.554404137797226,cost
161.2138672473834,80.72667182780704,lower_better,151.17917296996308,120.97026953759521,120.40706956315613,full_trust,attack_route_penalty_total,91.8877660541055,4,0,25.290983004342962,12.645491502171481,cost
0.8170302020074205,0.4556970707198522,lower_better,0.7555555555555555,0.6363636363636364,0.6282828282828283,full_trust,attack_extra_path_length_mean,0.5333333333333333,4,0,0.11353942741651583,0.05676971370825792,cells
14.524273627743138,2.4757263722568617,lower_better,14.0,8.5,7.0,full_trust,attack_extra_path_length_max,6.0,4,0,3.7859388972001824,1.8929694486000912,cells
36.86969260859164,20.13030739140836,lower_better,34.0,28.5,28.0,full_trust,attack_extra_path_length_total,24.0,4,0,5.259911279353167,2.6299556396765835,cells
373.51399505161146,109.48600494838851,lower_better,314.0,241.5,265.0,full_trust,steps_route_affected_by_attacker,122.0,4,0,82.96384754819415,41.481923774097076,steps
0.9983910176902219,0.4280939464269359,diagnostic,0.8596014859585303,0.7132424820585789,0.7503370958054605,full_trust,recovery_start_attacker_trust_mean,0.4926942506648643,4,0,0.1792008463154654,0.0896004231577327,trust
0.5664211266268699,0.0028325619068490515,diagnostic,0.5009032444091615,0.28462684426685947,0.24907356522892282,full_trust,recovery_trust_gain,0.13945700220043078,4,0,0.1770928746799054,0.0885464373399527,trust
7.0912231526500005,3.90877684735,higher_better,6.0,5.5,6.0,full_trust,deliveries_during_recon,4.0,4,0,1.0,0.5,deliveries
37.545611576325,35.954388423675,higher_better,37.0,36.75,37.0,full_trust,deliveries_during_attack,36.0,4,0,0.5,0.25,deliveries
13.27348018083661,10.22651981916339,higher_better,13.0,11.75,11.5,full_trust,deliveries_during_recovery,11.0,4,0,0.9574271077563381,0.47871355387816905,deliveries
27.855487050723518,-1.3554870507235197,lower_better,25.0,13.25,11.5,full_trust,traffic_wait_steps_during_attack,5.0,4,0,9.17877987534291,4.589389937671455,steps
112.16935824240392,87.33064175759608,lower_better,111.0,99.75,97.5,full_trust,replans_during_attack,93.0,4,0,7.804912982645397,3.9024564913226985,replans
4.156863547512668,0.7115188054285084,lower_better,3.4058823529411764,2.434191176470588,2.5617647058823527,full_trust,mean_influential_fake_cells_during_attack,1.2073529411764705,4,0,1.0826089151437785,0.5413044575718893,cells
4.156863547512668,0.7115188054285084,lower_better,3.4058823529411764,2.434191176470588,2.5617647058823527,full_trust,attack_mean_influential_fake_cells,1.2073529411764705,4,0,1.0826089151437785,0.5413044575718893,cells
0.1126135275019575,0.02929823720392486,lower_better,0.08970588235294118,0.07095588235294117,0.08088235294117646,full_trust,attack_fraction_samples_influenced,0.03235294117647059,4,0,0.0261796373938126,0.0130898186969063,ratio
1.0710866927907607,0.29676100613201734,lower_better,1.042060436704319,0.6839238494613891,0.5967358834358515,full_trust,attack_mean_attacker_route_cost,0.5001631942695343,4,0,0.24331146934645612,0.12165573467322806,cost
0.1126135275019575,0.02929823720392486,lower_better,0.08970588235294118,0.07095588235294117,0.08088235294117646,full_trust,attack_fraction_route_affected,0.03235294117647059,4,0,0.0261796373938126,0.0130898186969063,ratio
57.03039056615214,50.46960943384786,higher_better,56.0,53.75,54.0,trust_fused,benign_total_deliveries_completed,51.0,4,0,2.0615528128088303,1.0307764064044151,deliveries
51.89768479089528,44.10231520910472,higher_better,51.0,48.0,48.0,trust_fused,benign_deliveries_after_attack,45.0,4,0,2.449489742783178,1.224744871391589,deliveries
45.59845652726352,40.40154347273648,higher_better,45.0,43.0,43.0,trust_fused,benign_deliveries_after_distrust,41.0,4,0,1.632993161855452,0.816496580927726,deliveries
0.2851519528307608,0.2523480471692393,higher_better,0.28,0.26875000000000004,0.27,trust_fused,benign_success_rate,0.255,4,0,0.010307764064044161,0.0051538820320220806,ratio
22.812156226460854,20.187843773539146,higher_better,22.4,21.5,21.6,trust_fused,deliveries_per_1000_steps,20.400000000000002,4,0,0.8246211251235308,0.4123105625617654,deliveries/1000 steps
341.4784677368328,-114.47846773683278,lower_better,301.0,113.5,76.5,trust_fused,benign_no_path_steps,0.0,4,0,143.2724676970422,71.6362338485211,steps
91.10008320451236,85.92578825518264,lower_better,90.01851851851852,88.5129357298475,88.64161220043573,trust_fused,distance_per_delivery,86.75,4,0,1.6258860175307641,0.8129430087653821,distance/delivery
96.49449917794891,86.18053194561162,lower_better,96.03921568627452,91.33751556178026,90.35185185185185,trust_fused,benign_delivery_cycle_duration_mean_steps,88.60714285714286,4,0,3.2408927733236363,1.6204463866618182,steps
94.50495680991207,90.74504319008793,lower_better,93.5,92.625,93.0,trust_fused,benign_delivery_cycle_duration_median_steps,91.0,4,0,1.181453906563152,0.590726953281576,steps
143.59270029817895,106.50729970182104,lower_better,142.5,125.05,119.675,trust_fused,benign_delivery_cycle_duration_p95_steps,118.35,4,0,11.65311117255817,5.826555586279085,steps
49.574580053793184,43.81214963808357,lower_better,48.86274509803921,46.693364845938376,46.62202380952381,trust_fused,benign_loaded_delivery_duration_mean_steps,44.666666666666664,4,0,1.8106921100641817,0.9053460550320909,steps
46.64961413181588,45.35038586818412,lower_better,46.5,46.0,46.0,trust_fused,benign_loaded_delivery_duration_median_steps,45.5,4,0,0.408248290463863,0.2041241452319315,steps
72.5496005201437,61.15039947985629,lower_better,72.0,66.85,65.85,trust_fused,benign_loaded_delivery_duration_p95_steps,63.69999999999999,4,0,3.5818989377144677,1.7909494688572338,steps
4969.2601898031935,4542.2398101968065,lower_better,4861.0,4755.75,4792.0,trust_fused,benign_total_distance,4578.0,4,0,134.1799165300083,67.08995826500416,cells
756.785287657366,328.714712342634,lower_better,728.0,542.75,503.0,trust_fused,benign_planning_checks,437.0,4,0,134.50991289368477,67.25495644684239,checks
275.18567951034817,228.31432048965183,lower_better,267.0,251.75,254.0,trust_fused,benign_path_changes,232.0,4,0,14.72809107341025,7.364045536705125,changes
64.40368165001232,16.596318349987676,diagnostic,59.0,40.5,39.5,trust_fused,temporary_obstacle_replan_checks,24.0,4,0,15.022205785658333,7.511102892829166,checks
64.40368165001232,16.596318349987676,diagnostic,59.0,40.5,39.5,trust_fused,temporary_obstacle_path_changes,24.0,4,0,15.022205785658333,7.511102892829166,changes
0.0,0.0,diagnostic,0.0,0.0,0.0,trust_fused,robot_on_route_replan_checks,0.0,4,0,0.0,0.0,checks
0.0,0.0,diagnostic,0.0,0.0,0.0,trust_fused,robot_on_route_path_changes,0.0,4,0,0.0,0.0,changes
12.228057881625,4.271942118375,lower_better,11.0,8.25,8.5,trust_fused,malicious_report_replan_checks,5.0,4,0,2.5,1.25,checks
7.273480180836612,4.226519819163388,lower_better,7.0,5.75,5.5,trust_fused,malicious_report_path_changes,5.0,4,0,0.9574271077563381,0.47871355387816905,changes
9.250329363239704,4.749670636760296,lower_better,8.0,7.0,7.5,trust_fused,fake_obstacle_replan_checks,5.0,4,0,1.4142135623730951,0.7071067811865476,checks
6.045611576325,4.454388423675,lower_better,6.0,5.25,5.0,trust_fused,fake_obstacle_path_changes,5.0,4,0,0.5,0.25,changes
1.045611576325,-0.545611576325,lower_better,1.0,0.25,0.0,trust_fused,false_clearance_replan_checks,0.0,4,0,0.5,0.25,checks
0.0,0.0,lower_better,0.0,0.0,0.0,trust_fused,false_clearance_path_changes,0.0,4,0,0.0,0.0,changes
2.299228263631762,-0.299228263631762,lower_better,2.0,1.0,1.0,trust_fused,stale_reassertion_replan_checks,0.0,4,0,0.816496580927726,0.408248290463863,checks
1.4186931155232423,-0.4186931155232424,lower_better,1.0,0.5,0.5,trust_fused,stale_reassertion_path_changes,0.0,4,0,0.5773502691896257,0.28867513459481287,changes
0.0,0.0,target_zero,0.0,0.0,0.0,trust_fused,benign_blocked_moves,0.0,4,0,0.0,0.0,moves
5.318197540376784,4.066314597811824,lower_better,5.235294117647059,4.692256069094304,4.618716931216931,trust_fused,replans_per_delivery,4.296296296296297,4,0,0.3933712692905744,0.1966856346452872,replans/delivery
0.599438114171178,0.22451924655088865,lower_better,0.5357142857142857,0.4119786803610333,0.41721132897603486,trust_fused,traffic_waits_per_delivery,0.2777777777777778,4,0,0.11780838752751456,0.05890419376375728,waits/delivery
0.0,0.0,lower_better,0.0,0.0,0.0,trust_fused,deadlocks_detected,0.0,4,0,0.0,0.0,deadlocks
0.0,0.0,target_zero,0.0,0.0,0.0,trust_fused,robot_overlap_violations,0.0,4,0,0.0,0.0,violations
0.0,0.0,target_zero,0.0,0.0,0.0,trust_fused,intent_commit_mismatches,0.0,4,0,0.0,0.0,mismatches
1.0,1.0,diagnostic,1.0,1.0,1.0,trust_fused,productive_replan_ratio,1.0,4,0,0.0,0.0,ratio
679.8100433365719,266.1899566634282,diagnostic,646.0,473.0,438.0,trust_fused,time_to_distrust_malicious_robot,370.0,4,0,129.96922712703957,64.98461356351979,steps
884.1774352357354,441.3225647642646,diagnostic,840.0,662.75,639.0,trust_fused,time_to_all_benign_distrust,533.0,4,0,139.15548857303475,69.57774428651737,steps
2.0,2.0,higher_better,2.0,2.0,2.0,trust_fused,distrusted_benign_robot_count,2.0,4,0,0.0,0.0,robots
0.13210937072298062,-0.0013717106381731375,diagnostic,0.12750702276252937,0.06536883004240375,0.04929843506228455,trust_fused,attacker_min_trust_mean,0.035371427282516514,4,0,0.04194291703802082,0.02097145851901041,trust
1.0049264448519588,0.9872820917768437,diagnostic,0.9999029557840622,0.9961042683144012,0.998281096288295,trust_fused,final_attacker_trust_mean,0.9879519248969529,4,0,0.005544273612953176,0.002772136806476588,trust
389.09675749719725,118.40324250280275,higher_better,325.0,253.75,268.0,trust_fused,malicious_reports_operationally_ignored,154.0,4,0,85.05831333071839,42.529156665359196,reports
9.905162715769638,4.094837284230362,lower_better,9.0,7.0,7.0,trust_fused,attack_induced_path_changes,5.0,4,0,1.8257418583505538,0.9128709291752769,attacks
2.4652118880905367,0.5441873572040187,lower_better,2.292281536136898,1.5046996226472777,1.4310326068102488,trust_fused,attack_route_penalty_mean,0.864451740831715,4,0,0.6036314038314713,0.30181570191573565,cost
35.15850975114775,6.338301066980096,lower_better,33.79237421343883,20.74840540906392,18.0639027659994,trust_fused,attack_route_penalty_max,13.07344189081805,4,0,9.055992126613697,4.527996063306849,cost
110.43222330242457,24.194560194130766,lower_better,103.1526691261604,67.31339174827767,63.600284764761554,trust_fused,attack_route_penalty_total,38.900328337427176,4,0,27.097916142269188,13.548958071134594,cost
0.6073068564624702,-0.04569069484630861,lower_better,0.5454545454545454,0.2808080808080808,0.26666666666666666,trust_fused,attack_extra_path_length_mean,0.044444444444444446,4,0,0.2051872957671858,0.1025936478835929,cells
10.935061767619855,0.06493823238014507,lower_better,10.0,5.5,5.0,trust_fused,attack_extra_path_length_max,2.0,4,0,3.415650255319866,1.707825127659933,cells
26.82100837385,-1.8210083738500007,lower_better,24.0,12.5,12.0,trust_fused,attack_extra_path_length_total,2.0,4,0,9.0,4.5,cells
225.4787753937162,64.52122460628381,lower_better,200.0,145.0,149.0,trust_fused,steps_route_affected_by_attacker,82.0,4,0,50.57667446560717,25.288337232803585,steps
1.0167799552952972,0.2432656249388,diagnostic,0.8822000497934361,0.6300227901170485,0.6158951134802235,trust_fused,recovery_start_attacker_trust_mean,0.40610088371431097,4,0,0.24305652198068434,0.12152826099034217,trust
0.7479655959835297,-0.017058807336504,diagnostic,0.5938003957548292,0.36545339432351287,0.3764468247298556,trust_fused,recovery_trust_gain,0.11511953207951126,4,0,0.24038878583622075,0.12019439291811038,trust
7.0912231526500005,3.90877684735,higher_better,6.0,5.5,6.0,trust_fused,deliveries_during_recon,4.0,4,0,1.0,0.5,deliveries
38.25607934656973,32.74392065343027,higher_better,37.0,35.5,36.0,trust_fused,deliveries_during_attack,33.0,4,0,1.7320508075688772,0.8660254037844386,deliveries
14.09122315265,10.90877684735,higher_better,14.0,12.5,12.0,trust_fused,deliveries_during_recovery,12.0,4,0,1.0,0.5,deliveries
27.041883328119805,3.4581166718801946,lower_better,25.0,15.25,14.5,trust_fused,traffic_wait_steps_during_attack,7.0,4,0,7.41057802513857,3.705289012569285,steps
106.40887632672963,84.59112367327037,lower_better,101.0,95.5,97.5,trust_fused,replans_during_attack,86.0,4,0,6.855654600401044,3.427827300200522,replans
2.81758455270727,0.23756250611625962,lower_better,2.3426470588235295,1.5275735294117647,1.5477941176470589,trust_fused,mean_influential_fake_cells_during_attack,0.6720588235294118,4,0,0.8107040305108303,0.40535201525541514,cells
2.81758455270727,0.23756250611625962,lower_better,2.3426470588235295,1.5275735294117647,1.5477941176470589,trust_fused,attack_mean_influential_fake_cells,0.6720588235294118,4,0,0.8107040305108303,0.40535201525541514,cells
0.06175990123796238,0.0191224517032141,lower_better,0.052941176470588235,0.04044117647058824,0.04338235294117647,trust_fused,attack_fraction_samples_influenced,0.022058823529411766,4,0,0.013397696439918085,0.006698848219959043,ratio
0.4956606702044146,0.06568256807844405,lower_better,0.4708299379057894,0.28067161914142935,0.24591652374065426,trust_fused,attack_mean_attacker_route_cost,0.16002349117861955,4,0,0.13510930299433216,0.06755465149716608,cost
0.06175990123796238,0.0191224517032141,lower_better,0.052941176470588235,0.04044117647058824,0.04338235294117647,trust_fused,attack_fraction_route_affected,0.022058823529411766,4,0,0.013397696439918085,0.006698848219959043,ratio
56.29922826363176,53.70077173636824,higher_better,56.0,55.0,55.0,source_memory,benign_total_deliveries_completed,54.0,4,0,0.816496580927726,0.408248290463863,deliveries
50.045611576325,48.454388423675,higher_better,50.0,49.25,49.0,source_memory,benign_deliveries_after_attack,49.0,4,0,0.5,0.25,deliveries
48.009913619824154,40.490086380175846,higher_better,46.0,44.25,45.0,source_memory,benign_deliveries_after_distrust,41.0,4,0,2.362907813126304,1.181453906563152,deliveries
0.28149614131815887,0.2685038586818412,higher_better,0.28,0.275,0.275,source_memory,benign_success_rate,0.27,4,0,0.004082482904638634,0.002041241452319317,ratio
22.519691305452703,21.480308694547297,higher_better,22.4,22.0,22.0,source_memory,deliveries_per_1000_steps,21.6,4,0,0.32659863237108927,0.16329931618554464,deliveries/1000 steps
158.90842198007198,-81.40842198007199,lower_better,152.0,38.75,1.5,source_memory,benign_no_path_steps,0.0,4,0,75.51324387152229,37.756621935761146,steps
90.51664965767807,84.97258194405353,lower_better,89.83333333333333,87.7446158008658,87.68165584415584,source_memory,distance_per_delivery,85.78181818181818,4,0,1.742077377516641,0.8710386887583205,distance/delivery
90.89561289416636,88.53775050169702,lower_better,90.75925925925925,89.71668169793169,89.5090909090909,source_memory,benign_delivery_cycle_duration_mean_steps,89.08928571428571,4,0,0.7408962057089844,0.3704481028544922,steps
95.4552520934625,88.2947479065375,lower_better,94.5,91.875,91.5,source_memory,benign_delivery_cycle_duration_median_steps,90.0,4,0,2.25,1.125,steps
124.80294901209233,115.04705098790767,lower_better,123.75,119.925,119.32499999999999,source_memory,benign_delivery_cycle_duration_p95_steps,117.3,4,0,3.0655342111938664,1.5327671055969332,steps
48.10224876282934,44.412542001961434,lower_better,47.43636363636364,46.25739538239539,46.242063492063494,source_memory,benign_loaded_delivery_duration_mean_steps,45.10909090909091,4,0,1.1593932487480203,0.5796966243740101,steps
48.636834728975,43.863165271025,lower_better,47.0,46.25,47.0,source_memory,benign_loaded_delivery_duration_median_steps,44.0,4,0,1.5,0.75,steps
73.2180134631976,59.731986536802395,lower_better,72.74999999999997,66.475,64.775,source_memory,benign_loaded_delivery_duration_p95_steps,63.599999999999994,4,0,4.2376290540819985,2.1188145270409993,steps
4939.938634472144,4710.561365527856,lower_better,4873.0,4825.25,4855.0,source_memory,benign_total_distance,4718.0,4,0,72.07577031615179,36.037885158075895,cells
582.0666529508537,415.43334704914633,lower_better,577.0,498.75,474.5,source_memory,benign_planning_checks,469.0,4,0,52.3601311432022,26.1800655716011,checks
297.99142836495525,236.00857163504472,lower_better,284.0,267.0,272.5,source_memory,benign_path_changes,239.0,4,0,19.476481543988722,9.738240771994361,changes
57.17005028730635,19.829949712693644,diagnostic,49.0,38.5,41.5,source_memory,temporary_obstacle_replan_checks,22.0,4,0,11.73314393786536,5.86657196893268,checks
57.17005028730635,19.829949712693644,diagnostic,49.0,38.5,41.5,source_memory,temporary_obstacle_path_changes,22.0,4,0,11.73314393786536,5.86657196893268,changes
0.0,0.0,diagnostic,0.0,0.0,0.0,source_memory,robot_on_route_replan_checks,0.0,4,0,0.0,0.0,checks
0.0,0.0,diagnostic,0.0,0.0,0.0,source_memory,robot_on_route_path_changes,0.0,4,0,0.0,0.0,changes
10.935061767619855,0.06493823238014507,lower_better,10.0,5.5,5.0,source_memory,malicious_report_replan_checks,2.0,4,0,3.415650255319866,1.707825127659933,checks
8.504490450692352,0.49550954930764846,lower_better,8.0,4.5,4.0,source_memory,malicious_report_path_changes,2.0,4,0,2.516611478423583,1.2583057392117916,changes
10.382506154769569,-1.3825061547695698,lower_better,10.0,4.5,3.0,source_memory,fake_obstacle_replan_checks,2.0,4,0,3.696845502136472,1.848422751068236,checks
8.309052667491503,-0.3090526674915033,lower_better,8.0,4.0,3.0,source_memory,fake_obstacle_path_changes,2.0,4,0,2.70801280154532,1.35400640077266,changes
1.045611576325,-0.545611576325,lower_better,1.0,0.25,0.0,source_memory,false_clearance_replan_checks,0.0,4,0,0.5,0.25,checks
0.0,0.0,lower_better,0.0,0.0,0.0,source_memory,false_clearance_path_changes,0.0,4,0,0.0,0.0,changes
2.2734801808366116,-0.7734801808366116,lower_better,2.0,0.75,0.5,source_memory,stale_reassertion_replan_checks,0.0,4,0,0.9574271077563381,0.47871355387816905,checks
1.4186931155232423,-0.4186931155232424,lower_better,1.0,0.5,0.5,source_memory,stale_reassertion_path_changes,0.0,4,0,0.5773502691896257,0.28867513459481287,changes
0.0,0.0,target_zero,0.0,0.0,0.0,source_memory,benign_blocked_moves,0.0,4,0,0.0,0.0,moves
5.397265115695691,4.311344792914217,lower_better,5.071428571428571,4.854304954304954,5.00016835016835,source_memory,replans_per_delivery,4.345454545454546,4,0,0.34122188360978706,0.17061094180489353,replans/delivery
0.7685949765921997,0.13553561503839195,lower_better,0.7222222222222222,0.4520652958152958,0.40909090909090906,source_memory,traffic_waits_per_delivery,0.26785714285714285,4,0,0.19892224434376782,0.09946112217188391,waits/delivery
0.0,0.0,lower_better,0.0,0.0,0.0,source_memory,deadlocks_detected,0.0,4,0,0.0,0.0,deadlocks
0.0,0.0,target_zero,0.0,0.0,0.0,source_memory,robot_overlap_violations,0.0,4,0,0.0,0.0,violations
0.0,0.0,target_zero,0.0,0.0,0.0,source_memory,intent_commit_mismatches,0.0,4,0,0.0,0.0,mismatches
1.0,1.0,diagnostic,1.0,1.0,1.0,source_memory,productive_replan_ratio,1.0,4,0,0.0,0.0,ratio
679.8100433365719,266.1899566634282,diagnostic,646.0,473.0,438.0,source_memory,time_to_distrust_malicious_robot,370.0,4,0,129.96922712703957,64.98461356351979,steps
884.1774352357354,441.3225647642646,diagnostic,840.0,662.75,639.0,source_memory,time_to_all_benign_distrust,533.0,4,0,139.15548857303475,69.57774428651737,steps
2.0,2.0,higher_better,2.0,2.0,2.0,source_memory,distrusted_benign_robot_count,2.0,4,0,0.0,0.0,robots
0.14688477684012724,-0.016432277212165156,diagnostic,0.13376802447035116,0.06522624981398104,0.05797875560269042,source_memory,attacker_min_trust_mean,0.011179463580192155,4,0,0.05131808627228259,0.025659043136141296,trust
1.0000096180991356,0.9997602005462568,diagnostic,0.9999616225793271,0.9998849093226962,0.9998978439395038,source_memory,final_attacker_trust_mean,0.9997823268324506,4,0,7.837290214873052e-05,3.918645107436526e-05,trust
478.46031209082935,126.53968790917062,higher_better,384.0,302.5,340.0,source_memory,malicious_reports_operationally_ignored,146.0,4,0,110.5817947644789,55.29089738223945,reports
9.287868752830096,1.7121312471699035,lower_better,9.0,5.5,4.5,source_memory,attack_induced_path_changes,4.0,4,0,2.3804761428476167,1.1902380714238083,attacks
2.044730595699811,-0.043935325620588994,lower_better,1.7645502945127072,1.000397635039611,0.909111923399819,source_memory,attack_route_penalty_mean,0.41881639884609867,4,0,0.6563082990094652,0.3281541495047326,cost
23.396299107285625,5.790539799675834,lower_better,21.575164638184248,14.59341945348073,13.794824713551662,source_memory,attack_route_penalty_max,9.208863748635345,4,0,5.532146537174693,2.7660732685873466,cost
91.3376061931153,-1.9665503942184444,lower_better,79.40476325307182,44.68552789944843,40.245305198323734,source_memory,attack_route_penalty_total,18.84673794807444,4,0,29.318375751366602,14.659187875683301,cost
0.40500789805990856,-0.046422039474049964,lower_better,0.3111111111111111,0.17929292929292928,0.203030303030303,source_memory,attack_extra_path_length_mean,0.0,4,0,0.14184997773007313,0.07092498886503656,cells
8.500658726479408,-0.5006587264794078,lower_better,6.0,4.0,5.0,source_memory,attack_extra_path_length_max,0.0,4,0,2.8284271247461903,1.4142135623730951,cells
18.06377885593559,-2.0637788559355883,lower_better,14.0,8.0,9.0,source_memory,attack_extra_path_length_total,0.0,4,0,6.324555320336759,3.1622776601683795,cells
175.00021036086406,53.49978963913593,lower_better,153.0,114.25,115.0,source_memory,steps_route_affected_by_attacker,74.0,4,0,38.17830972336692,19.08915486168346,steps
0.9634318211683623,0.5279066296488828,diagnostic,0.8542401955406455,0.7456692254086226,0.7801410503211837,source_memory,recovery_start_attacker_trust_mean,0.5681546054514774,4,0,0.13685232985523182,0.06842616492761591,trust
0.4720852287438035,0.03633147328508041,diagnostic,0.431803170246164,0.25420835101444195,0.2197440512598993,source_memory,recovery_trust_gain,0.14554213129180515,4,0,0.1369241500580937,0.06846207502904685,trust
7.0912231526500005,3.90877684735,higher_better,6.0,5.5,6.0,source_memory,deliveries_during_recon,4.0,4,0,1.0,0.5,deliveries
37.545611576325,35.954388423675,higher_better,37.0,36.75,37.0,source_memory,deliveries_during_attack,36.0,4,0,0.5,0.25,deliveries
13.299228263631761,10.700771736368239,higher_better,13.0,12.0,12.0,source_memory,deliveries_during_recovery,11.0,4,0,0.816496580927726,0.408248290463863,deliveries
33.32787009237301,-3.3278700923730113,lower_better,32.0,15.0,10.5,source_memory,traffic_wait_steps_during_attack,7.0,4,0,11.51810169544733,5.759050847723665,steps
119.10211641852001,84.39788358147999,lower_better,111.0,101.75,104.0,source_memory,replans_during_attack,88.0,4,0,10.90489186863706,5.45244593431853,replans
2.806260462123954,0.02829836140545794,lower_better,2.698529411764706,1.417279411764706,1.0860294117647058,source_memory,mean_influential_fake_cells_during_attack,0.7985294117647059,4,0,0.8729014833941168,0.4364507416970584,cells
2.806260462123954,0.02829836140545794,lower_better,2.698529411764706,1.417279411764706,1.0860294117647058,source_memory,attack_mean_influential_fake_cells,0.7985294117647059,4,0,0.8729014833941168,0.4364507416970584,cells
0.055187984036421375,0.01172378066946098,lower_better,0.045588235294117645,0.033455882352941176,0.03529411764705882,source_memory,attack_fraction_samples_influenced,0.01764705882352941,4,0,0.01365748207426964,0.00682874103713482,ratio
0.4172267496104114,0.047085092171375076,lower_better,0.3947419296924219,0.23215592089089324,0.20323647982306178,source_memory,attack_mean_attacker_route_cost,0.12740879422502746,4,0,0.1163072749483967,0.05815363747419835,cost
0.055187984036421375,0.01172378066946098,lower_better,0.045588235294117645,0.033455882352941176,0.03529411764705882,source_memory,attack_fraction_route_affected,0.01764705882352941,4,0,0.01365748207426964,0.00682874103713482,ratio
