baseline_method,ci95_difference_high,ci95_difference_low,direction,focal_method,improvement_ci95_high,improvement_ci95_low,improvement_difference,mean_difference,metric,n_pairs,sample_std_difference,sem_difference
majority_vote,6.319281034275,-4.819281034275,higher_better,source_memory,6.319281034275,-4.819281034275,0.75,0.75,benign_total_deliveries_completed,4,3.5,1.75
majority_vote,6.319281034275,-4.819281034275,higher_better,source_memory,6.319281034275,-4.819281034275,0.75,0.75,benign_deliveries_after_attack,4,3.5,1.75
majority_vote,7.9688185248139165,-3.4688185248139165,higher_better,source_memory,7.9688185248139165,-3.4688185248139165,2.25,2.25,benign_deliveries_after_distrust,4,3.593976442141304,1.796988221070652
majority_vote,0.03159640517137503,-0.024096405171375023,higher_better,source_memory,0.03159640517137503,-0.024096405171375023,0.0037500000000000033,0.0037500000000000033,benign_success_rate,4,0.017500000000000016,0.008750000000000008
majority_vote,2.5277124137099984,-1.927712413709997,higher_better,source_memory,2.5277124137099984,-1.927712413709997,0.3000000000000007,0.3000000000000007,deliveries_per_1000_steps,4,1.3999999999999986,0.6999999999999993
majority_vote,248.09116354294378,-351.0911635429438,lower_better,source_memory,351.0911635429438,-248.09116354294378,51.5,-51.5,benign_no_path_steps,4,188.2772777935068,94.1386388967534
majority_vote,4.5262239546124095,-5.492674171062629,lower_better,source_memory,5.492674171062629,-4.5262239546124095,0.4832251082251098,-0.4832251082251098,distance_per_delivery,4,3.1481750717960932,1.5740875358980466
majority_vote,6.489668598082028,-10.00789611130955,lower_better,source_memory,10.00789611130955,-6.489668598082028,1.7591137566137611,-1.7591137566137611,benign_delivery_cycle_duration_mean_steps,4,5.1839255486940266,2.5919627743470133
majority_vote,6.261723254107051,-7.011723254107051,lower_better,source_memory,7.011723254107051,-6.261723254107051,0.375,-0.375,benign_delivery_cycle_duration_median_steps,4,4.170831252080733,2.0854156260403665
majority_vote,9.598782939895528,-14.373782939895499,lower_better,source_memory,14.373782939895499,-9.598782939895528,2.387499999999985,-2.387499999999985,benign_delivery_cycle_duration_p95_steps,4,7.53274794923247,3.766373974616235
majority_vote,6.315882298045151,-9.099435689098543,lower_better,source_memory,9.099435689098543,-6.315882298045151,1.391776695526696,-1.391776695526696,benign_loaded_delivery_duration_mean_steps,4,4.843857997374927,2.4219289986874637
majority_vote,0.015944713983897074,-5.015944713983897,lower_better,source_memory,5.015944713983897,-0.015944713983897074,2.5,-2.5,benign_loaded_delivery_duration_median_steps,4,1.5811388300841898,0.7905694150420949
majority_vote,3.633766611839151,-4.183766611839156,lower_better,source_memory,4.183766611839156,-3.633766611839151,0.27500000000000213,-0.27500000000000213,benign_loaded_delivery_duration_p95_steps,4,2.4564540839727913,1.2282270419863957
majority_vote,341.5488019627674,-253.5488019627674,lower_better,source_memory,253.5488019627674,-341.5488019627674,-44.0,44.0,benign_total_distance,4,186.9937610367433,93.49688051837165
majority_vote,274.08095682841093,-356.58095682841093,lower_better,source_memory,356.58095682841093,-274.08095682841093,41.25,-41.25,benign_planning_checks,4,198.1689094350238,99.0844547175119
majority_vote,40.299603572164656,-47.299603572164656,lower_better,source_memory,47.299603572164656,-40.299603572164656,3.5,-3.5,benign_path_changes,4,27.525745524266306,13.762872762133153
majority_vote,36.67648211817058,-67.17648211817058,diagnostic,source_memory,,,,-15.25,temporary_obstacle_replan_checks,4,32.633060945407294,16.316530472703647
majority_vote,36.67648211817058,-67.17648211817058,diagnostic,source_memory,,,,-15.25,temporary_obstacle_path_changes,4,32.633060945407294,16.316530472703647
majority_vote,0.0,0.0,diagnostic,source_memory,,,,0.0,robot_on_route_replan_checks,4,0.0,0.0
majority_vote,0.0,0.0,diagnostic,source_memory,,,,0.0,robot_on_route_path_changes,4,0.0,0.0
majority_vote,0.7783078589487591,-6.278307858948759,lower_better,source_memory,6.278307858948759,-0.7783078589487591,2.75,-2.75,malicious_report_replan_checks,4,2.217355782608345,1.1086778913041726
majority_vote,0.2503293632397039,-4.250329363239704,lower_better,source_memory,4.250329363239704,-0.2503293632397039,2.0,-2.0,malicious_report_path_changes,4,1.4142135623730951,0.7071067811865476
majority_vote,0.7621368138715692,-5.262136813871569,lower_better,source_memory,5.262136813871569,-0.7621368138715692,2.25,-2.25,fake_obstacle_replan_checks,4,1.8929694486000912,0.9464847243000456
majority_vote,1.250329363239704,-3.250329363239704,lower_better,source_memory,3.250329363239704,-1.250329363239704,1.0,-1.0,fake_obstacle_path_changes,4,1.4142135623730951,0.7071067811865476
majority_vote,1.045611576325,-0.545611576325,lower_better,source_memory,0.545611576325,-1.045611576325,-0.25,0.25,false_clearance_replan_checks,4,0.5,0.25
majority_vote,0.0,0.0,lower_better,source_memory,-0.0,-0.0,-0.0,0.0,false_clearance_path_changes,4,0.0,0.0
majority_vote,0.045611576325000014,-1.545611576325,lower_better,source_memory,1.545611576325,-0.045611576325000014,0.75,-0.75,stale_reassertion_replan_checks,4,0.5,0.25
majority_vote,-1.0,-1.0,lower_better,source_memory,1.0,1.0,1.0,-1.0,stale_reassertion_path_changes,4,0.0,0.0
majority_vote,0.0,0.0,target_zero,source_memory,-0.0,-0.0,-0.0,0.0,benign_blocked_moves,4,0.0,0.0
majority_vote,1.174428504203054,-1.5143900241645742,lower_better,source_memory,1.5143900241645742,-1.174428504203054,0.16998075998076012,-0.16998075998076012,replans_per_delivery,4,0.84489046174627,0.422445230873135
majority_vote,0.34195589375321594,-0.1308123151096373,lower_better,source_memory,0.1308123151096373,-0.34195589375321594,-0.10557178932178932,0.10557178932178932,traffic_waits_per_delivery,4,0.1485549679425893,0.07427748397129465
majority_vote,0.0,0.0,lower_better,source_memory,-0.0,-0.0,-0.0,0.0,deadlocks_detected,4,0.0,0.0
majority_vote,0.0,0.0,target_zero,source_memory,-0.0,-0.0,-0.0,0.0,robot_overlap_violations,4,0.0,0.0
majority_vote,0.0,0.0,target_zero,source_memory,-0.0,-0.0,-0.0,0.0,intent_commit_mismatches,4,0.0,0.0
majority_vote,0.0,0.0,diagnostic,source_memory,,,,0.0,productive_replan_ratio,4,0.0,0.0
majority_vote,95.80840906963343,-172.80840906963343,diagnostic,source_memory,,,,-38.5,time_to_distrust_malicious_robot,4,84.40576599577385,42.202882997886924
majority_vote,489.15399961225637,-612.6539996122564,diagnostic,source_memory,,,,-61.75,time_to_all_benign_distrust,4,346.21416782101795,173.10708391050898
majority_vote,0.0,0.0,higher_better,source_memory,0.0,0.0,0.0,0.0,distrusted_benign_robot_count,4,0.0,0.0
majority_vote,0.0108475239279536,-0.021667907560511478,diagnostic,source_memory,,,,-0.005410191816278938,attacker_min_trust_mean,4,0.010217118646845462,0.005108559323422731
majority_vote,0.0014494929799301667,-0.0005383015777157604,diagnostic,source_memory,,,,0.00045559570110720315,final_attacker_trust_mean,4,0.0006246121275747787,0.00031230606378738937
majority_vote,478.46031209082935,126.53968790917062,higher_better,source_memory,478.46031209082935,126.53968790917062,302.5,302.5,malicious_reports_operationally_ignored,4,110.5817947644789,55.29089738223945
majority_vote,1.812395134434813,-4.812395134434813,lower_better,source_memory,4.812395134434813,-1.812395134434813,1.5,-1.5,attack_induced_path_changes,4,2.0816659994661326,1.0408329997330663
majority_vote,-0.4510299973345274,-1.289000091334438,lower_better,source_memory,1.289000091334438,0.4510299973345274,0.8700150443344827,-0.8700150443344827,attack_route_penalty_mean,4,0.2633100494435263,0.13165502472176316
majority_vote,10.531203078981385,-52.53011560387187,lower_better,source_memory,52.53011560387187,-10.531203078981385,20.999456262445243,-20.999456262445243,attack_route_penalty_max,4,19.815359831156254,9.907679915578127
majority_vote,-20.31681465542347,-57.478727992346066,lower_better,source_memory,57.478727992346066,20.31681465542347,38.89777132388477,-38.89777132388477,attack_route_penalty_total,4,11.677153287718847,5.838576643859423
majority_vote,-0.29093401294291155,-0.7378538658449673,lower_better,source_memory,0.7378538658449673,0.29093401294291155,0.5143939393939394,-0.5143939393939394,attack_extra_path_length_mean,4,0.14043280232497932,0.07021640116248966
majority_vote,-7.125130236248187,-20.874869763751814,lower_better,source_memory,20.874869763751814,7.125130236248187,14.0,-14.0,attack_extra_path_length_max,4,4.320493798938574,2.160246899469287
majority_vote,-13.105372331454964,-32.894627668545034,lower_better,source_memory,32.894627668545034,13.105372331454964,23.0,-23.0,attack_extra_path_length_total,4,6.2182527020592095,3.1091263510296048
majority_vote,131.88840245562287,-250.38840245562287,lower_better,source_memory,250.38840245562287,-131.88840245562287,59.25,-59.25,steps_route_affected_by_attacker,4,120.1204256846714,60.0602128423357
majority_vote,0.43385561532460726,0.022011047658215377,diagnostic,source_memory,,,,0.22793333149141132,recovery_start_attacker_trust_mean,4,0.12941131700494424,0.06470565850247212
majority_vote,-0.021661225174236187,-0.43326854698017647,diagnostic,source_memory,,,,-0.22746488607720633,recovery_trust_gain,4,0.12933676873682218,0.06466838436841109
majority_vote,1.299228263631762,-1.299228263631762,higher_better,source_memory,1.299228263631762,-1.299228263631762,0.0,0.0,deliveries_during_recon,4,0.816496580927726,0.408248290463863
majority_vote,5.447313834272518,-4.447313834272518,higher_better,source_memory,5.447313834272518,-4.447313834272518,0.5,0.5,deliveries_during_attack,4,3.1091263510296048,1.5545631755148024
majority_vote,1.299228263631762,-1.299228263631762,higher_better,source_memory,1.299228263631762,-1.299228263631762,0.0,0.0,deliveries_during_recovery,4,0.816496580927726,0.408248290463863
majority_vote,18.836532799964147,-4.836532799964148,lower_better,source_memory,4.836532799964148,-18.836532799964147,-7.0,7.0,traffic_wait_steps_during_attack,4,7.438637868140466,3.719318934070233
majority_vote,34.45075573332183,-61.95075573332183,lower_better,source_memory,61.95075573332183,-34.45075573332183,13.75,-13.75,replans_during_attack,4,30.291638010073562,15.145819005036781
majority_vote,2.4115178422195753,-3.374753136337222,lower_better,source_memory,3.374753136337222,-2.4115178422195753,0.48161764705882354,-0.48161764705882354,mean_influential_fake_cells_during_attack,4,1.818183379534299,0.9090916897671495
majority_vote,2.4115178422195753,-3.374753136337222,lower_better,source_memory,3.374753136337222,-2.4115178422195753,0.48161764705882354,-0.48161764705882354,attack_mean_influential_fake_cells,4,1.818183379534299,0.9090916897671495
majority_vote,0.046690945904108536,-0.07977918119822618,lower_better,source_memory,0.07977918119822618,-0.046690945904108536,0.016544117647058824,-0.016544117647058824,attack_fraction_samples_influenced,4,0.03973990916726959,0.019869954583634795
majority_vote,0.2756678359248135,-0.7155749422252394,lower_better,source_memory,0.7155749422252394,-0.2756678359248135,0.219953553150213,-0.219953553150213,attack_mean_attacker_route_cost,4,0.31147195680858825,0.15573597840429412
majority_vote,0.046690945904108536,-0.07977918119822618,lower_better,source_memory,0.07977918119822618,-0.046690945904108536,0.016544117647058824,-0.016544117647058824,attack_fraction_route_affected,4,0.03973990916726959,0.019869954583634795
full_trust,2.5542602567710375,-1.5542602567710375,higher_better,source_memory,2.5542602567710375,-1.5542602567710375,0.5,0.5,benign_total_deliveries_completed,4,1.2909944487358056,0.6454972243679028
full_trust,2.5542602567710375,-1.5542602567710375,higher_better,source_memory,2.5542602567710375,-1.5542602567710375,0.5,0.5,benign_deliveries_after_attack,4,1.2909944487358056,0.6454972243679028
full_trust,2.5542602567710375,-1.5542602567710375,higher_better,source_memory,2.5542602567710375,-1.5542602567710375,0.5,0.5,benign_deliveries_after_distrust,4,1.2909944487358056,0.6454972243679028
full_trust,0.012771301283855199,-0.007771301283855194,higher_better,source_memory,0.012771301283855199,-0.007771301283855194,0.0025000000000000022,0.0025000000000000022,benign_success_rate,4,0.006454972243679034,0.003227486121839517
full_trust,1.0217041027084113,-0.6217041027084128,higher_better,source_memory,1.0217041027084113,-0.6217041027084128,0.1999999999999993,0.1999999999999993,deliveries_per_1000_steps,4,0.5163977794943204,0.2581988897471602
full_trust,3.5469603616732233,-2.5469603616732233,lower_better,source_memory,2.5469603616732233,-3.5469603616732233,-0.5,0.5,benign_no_path_steps,4,1.9148542155126762,0.9574271077563381
full_trust,2.4569303104896556,-4.174264365323724,lower_better,source_memory,4.174264365323724,-2.4569303104896556,0.8586670274170345,-0.8586670274170345,distance_per_delivery,4,2.08367841580544,1.04183920790272
full_trust,1.5710023907423558,-2.2211406783806478,lower_better,source_memory,2.2211406783806478,-1.5710023907423558,0.325069143819146,-0.325069143819146,benign_delivery_cycle_duration_mean_steps,4,1.1915811628330142,0.5957905814165071
full_trust,1.4674231521479104,-2.7174231521479104,lower_better,source_memory,2.7174231521479104,-1.4674231521479104,0.625,-0.625,benign_delivery_cycle_duration_median_steps,4,1.3149778198382918,0.6574889099191459
full_trust,1.6822866303449278,-2.982286630344925,lower_better,source_memory,2.982286630344925,-1.6822866303449278,0.6499999999999986,-0.6499999999999986,benign_delivery_cycle_duration_p95_steps,4,1.4657193910613793,0.7328596955306896
full_trust,0.82892166726167,-0.56901305735306,lower_better,source_memory,0.56901305735306,-0.82892166726167,-0.12995430495430504,0.12995430495430504,benign_loaded_delivery_duration_mean_steps,4,0.43926419820080853,0.21963209910040427
full_trust,1.8316023528813359,-3.831602352881336,lower_better,source_memory,3.831602352881336,-1.8316023528813359,1.0,-1.0,benign_loaded_delivery_duration_median_steps,4,1.7795130420052185,0.8897565210026093
full_trust,3.7091955295300214,-3.284195529530017,lower_better,source_memory,3.284195529530017,-3.7091955295300214,-0.21250000000000213,0.21250000000000213,benign_loaded_delivery_duration_p95_steps,4,2.197489097432169,1.0987445487160845
full_trust,4.869692608591642,-11.869692608591642,lower_better,source_memory,11.869692608591642,-4.869692608591642,3.5,-3.5,benign_total_distance,4,5.259911279353167,2.6299556396765835
full_trust,35.66320470576267,24.336795294237326,lower_better,source_memory,-24.336795294237326,-35.66320470576267,-30.0,30.0,benign_planning_checks,4,3.559026084010437,1.7795130420052185
full_trust,17.714078608426128,-4.714078608426126,lower_better,source_memory,4.714078608426126,-17.714078608426128,-6.5,6.5,benign_path_changes,4,7.047458170621991,3.5237290853109955
full_trust,4.447313834272518,-5.447313834272518,diagnostic,source_memory,,,,-0.5,temporary_obstacle_replan_checks,4,3.1091263510296048,1.5545631755148024
full_trust,4.447313834272518,-5.447313834272518,diagnostic,source_memory,,,,-0.5,temporary_obstacle_path_changes,4,3.1091263510296048,1.5545631755148024
full_trust,0.0,0.0,diagnostic,source_memory,,,,0.0,robot_on_route_replan_checks,4,0.0,0.0
full_trust,0.0,0.0,diagnostic,source_memory,,,,0.0,robot_on_route_path_changes,4,0.0,0.0
full_trust,-0.9065344223837872,-10.093465577616213,lower_better,source_memory,10.093465577616213,0.9065344223837872,5.5,-5.5,malicious_report_replan_checks,4,2.886751345948129,1.4433756729740645
full_trust,-0.7216921410512409,-7.778307858948759,lower_better,source_memory,7.778307858948759,0.7216921410512409,4.25,-4.25,malicious_report_path_changes,4,2.217355782608345,1.1086778913041726
full_trust,-1.4900863801758457,-9.009913619824154,lower_better,source_memory,9.009913619824154,1.4900863801758457,5.25,-5.25,fake_obstacle_replan_checks,4,2.362907813126304,1.181453906563152
full_trust,-0.7439206534302727,-6.256079346569727,lower_better,source_memory,6.256079346569727,0.7439206534302727,3.5,-3.5,fake_obstacle_path_changes,4,1.7320508075688772,0.8660254037844386
full_trust,1.045611576325,-0.545611576325,lower_better,source_memory,0.545611576325,-1.045611576325,-0.25,0.25,false_clearance_replan_checks,4,0.5,0.25
full_trust,0.0,0.0,lower_better,source_memory,-0.0,-0.0,-0.0,0.0,false_clearance_path_changes,4,0.0,0.0
full_trust,1.09122315265,-2.09122315265,lower_better,source_memory,2.09122315265,-1.09122315265,0.5,-0.5,stale_reassertion_replan_checks,4,1.0,0.5
full_trust,0.7734801808366116,-2.2734801808366116,lower_better,source_memory,2.2734801808366116,-0.7734801808366116,0.75,-0.75,stale_reassertion_path_changes,4,0.9574271077563381,0.47871355387816905
full_trust,0.0,0.0,target_zero,source_memory,-0.0,-0.0,-0.0,0.0,benign_blocked_moves,4,0.0,0.0
full_trust,0.2298280040935928,-0.07828880255439138,lower_better,source_memory,0.07828880255439138,-0.2298280040935928,-0.07576960076960071,0.07576960076960071,replans_per_delivery,4,0.09681759787583875,0.04840879893791938
full_trust,0.1425106852114784,-0.06178076698156018,lower_better,source_memory,0.06178076698156018,-0.1425106852114784,-0.040364959114959104,0.040364959114959104,traffic_waits_per_delivery,4,0.06419321257763706,0.03209660628881853
full_trust,0.0,0.0,lower_better,source_memory,-0.0,-0.0,-0.0,0.0,deadlocks_detected,4,0.0,0.0
full_trust,0.0,0.0,target_zero,source_memory,-0.0,-0.0,-0.0,0.0,robot_overlap_violations,4,0.0,0.0
full_trust,0.0,0.0,target_zero,source_memory,-0.0,-0.0,-0.0,0.0,intent_commit_mismatches,4,0.0,0.0
full_trust,0.0,0.0,diagnostic,source_memory,,,,0.0,productive_replan_ratio,4,0.0,0.0
full_trust,0.0,0.0,diagnostic,source_memory,,,,0.0,time_to_distrust_malicious_robot,4,0.0,0.0
full_trust,0.0,0.0,diagnostic,source_memory,,,,0.0,time_to_all_benign_distrust,4,0.0,0.0
full_trust,0.0,0.0,higher_better,source_memory,0.0,0.0,0.0,0.0,distrusted_benign_robot_count,4,0.0,0.0
full_trust,0.015882888796983668,-0.013369894896997771,diagnostic,source_memory,,,,0.0012564969499929482,attacker_min_trust_mean,4,0.009191917439506921,0.004595958719753461
full_trust,0.006046323148526714,-0.0024739649625756836,diagnostic,source_memory,,,,0.001786179092975515,final_attacker_trust_mean,4,0.002677276313166017,0.0013386381565830086
full_trust,478.46031209082935,126.53968790917062,higher_better,source_memory,478.46031209082935,126.53968790917062,302.5,302.5,malicious_reports_operationally_ignored,4,110.5817947644789,55.29089738223945
full_trust,-3.4457397432289625,-7.5542602567710375,lower_better,source_memory,7.5542602567710375,3.4457397432289625,5.5,-5.5,attack_induced_path_changes,4,1.2909944487358056,0.6454972243679028
full_trust,0.09202870338590308,-3.4908938385265955,lower_better,source_memory,3.4908938385265955,-0.09202870338590308,1.6994325675703463,-1.6994325675703463,attack_route_penalty_mean,4,1.1258391181480585,0.5629195590740292
full_trust,19.6423419440748,-58.02250888130769,lower_better,source_memory,58.02250888130769,-19.6423419440748,19.190083468616443,-19.190083468616443,attack_route_penalty_max,4,24.40413549037436,12.20206774518718
full_trust,4.668841337466148,-157.23832461375972,lower_better,source_memory,157.23832461375972,-4.668841337466148,76.28474163814678,-76.28474163814678,attack_route_penalty_total,4,50.87506604010506,25.43753302005253
full_trust,-0.21343409216686085,-0.7007073219745533,lower_better,source_memory,0.7007073219745533,0.21343409216686085,0.45707070707070707,-0.45707070707070707,attack_extra_path_length_mean,4,0.15311278905042158,0.07655639452521079
full_trust,3.8696926085916417,-12.869692608591642,lower_better,source_memory,12.869692608591642,-3.8696926085916417,4.5,-4.5,attack_extra_path_length_max,4,5.259911279353167,2.6299556396765835
full_trust,-9.36143793145,-31.63856206855,lower_better,source_memory,31.63856206855,9.36143793145,20.5,-20.5,attack_extra_path_length_total,4,7.0,3.5
full_trust,-35.782346355044524,-218.71765364495548,lower_better,source_memory,218.71765364495548,35.782346355044524,127.25,-127.25,steps_route_affected_by_attacker,4,57.48260606479146,28.74130303239573
full_trust,0.2326565997416471,-0.1678031130415597,diagnostic,source_memory,,,,0.032426743350043696,recovery_start_attacker_trust_mean,4,0.12583392596955587,0.06291696298477793
full_trust,0.16526249098311474,-0.22609947748794978,diagnostic,source_memory,,,,-0.030418493252417536,recovery_trust_gain,4,0.12297519924194666,0.06148759962097333
full_trust,0.0,0.0,higher_better,source_memory,0.0,0.0,0.0,0.0,deliveries_during_recon,4,0.0,0.0
full_trust,0.0,0.0,higher_better,source_memory,0.0,0.0,0.0,0.0,deliveries_during_attack,4,0.0,0.0
full_trust,1.7734801808366116,-1.2734801808366116,higher_better,source_memory,1.7734801808366116,-1.2734801808366116,0.25,0.25,deliveries_during_recovery,4,0.9574271077563381,0.47871355387816905
full_trust,8.910504186925,-5.410504186925,lower_better,source_memory,5.410504186925,-8.910504186925,-1.75,1.75,traffic_wait_steps_during_attack,4,4.5,2.25
full_trust,14.256894925336708,-10.256894925336708,lower_better,source_memory,10.256894925336708,-14.256894925336708,-2.0,2.0,replans_during_attack,4,7.702813338860896,3.851406669430448
full_trust,0.5255257206892681,-2.5593492501010324,lower_better,source_memory,2.5593492501010324,-0.5255257206892681,1.0169117647058823,-1.0169117647058823,mean_influential_fake_cells_during_attack,4,0.9693407758845121,0.48467038794225603
full_trust,0.5255257206892681,-2.5593492501010324,lower_better,source_memory,2.5593492501010324,-0.5255257206892681,1.0169117647058823,-1.0169117647058823,attack_mean_influential_fake_cells,4,0.9693407758845121,0.48467038794225603
full_trust,-0.005500515665446536,-0.06949948433455347,lower_better,source_memory,0.06949948433455347,0.005500515665446536,0.0375,-0.0375,attack_fraction_samples_influenced,4,0.02010999166349609,0.010054995831748044
full_trust,0.055636817399743854,-0.9591726745407354,lower_better,source_memory,0.9591726745407354,-0.055636817399743854,0.4517679285704958,-0.4517679285704958,attack_mean_attacker_route_cost,4,0.3188771764194199,0.15943858820970996
full_trust,-0.005500515665446536,-0.06949948433455347,lower_better,source_memory,0.06949948433455347,0.005500515665446536,0.0375,-0.0375,attack_fraction_route_affected,4,0.02010999166349609,0.010054995831748044
trust_fused,5.820440542509835,-3.320440542509835,higher_better,source_memory,5.820440542509835,-3.320440542509835,1.25,1.25,benign_total_deliveries_completed,4,2.8722813232690143,1.4361406616345072
trust_fused,5.820440542509835,-3.320440542509835,higher_better,source_memory,5.820440542509835,-3.320440542509835,1.25,1.25,benign_deliveries_after_attack,4,2.8722813232690143,1.4361406616345072
trust_fused,5.820440542509835,-3.320440542509835,higher_better,source_memory,5.820440542509835,-3.320440542509835,1.25,1.25,benign_deliveries_after_distrust,4,2.8722813232690143,1.4361406616345072
trust_fused,0.0291022027125492,-0.01660220271254919,higher_better,source_memory,0.0291022027125492,-0.01660220271254919,0.0062500000000000056,0.0062500000000000056,benign_success_rate,4,0.014361406616345085,0.007180703308172542
trust_fused,2.328176217003929,-1.3281762170039308,higher_better,source_memory,2.328176217003929,-1.3281762170039308,0.4999999999999991,0.4999999999999991,deliveries_per_1000_steps,4,1.1489125293076032,0.5744562646538016
trust_fused,165.2641808325841,-314.7641808325841,lower_better,source_memory,314.7641808325841,-165.2641808325841,74.75,-74.75,benign_no_path_steps,4,150.83627989755425,75.41813994877712
trust_fused,3.391862074703246,-4.92850193266664,lower_better,source_memory,4.92850193266664,-3.391862074703246,0.7683199289816969,-0.7683199289816969,distance_per_delivery,4,2.614455424907962,1.307227712453981
trust_fused,4.47141296642563,-7.7130806941227785,lower_better,source_memory,7.7130806941227785,-4.47141296642563,1.6208338638485742,-1.6208338638485742,benign_delivery_cycle_duration_mean_steps,4,3.8286564773320855,1.9143282386660427
trust_fused,2.4654259043313487,-3.9654259043313487,lower_better,source_memory,3.9654259043313487,-2.4654259043313487,0.75,-0.75,benign_delivery_cycle_duration_median_steps,4,2.0207259421636903,1.0103629710818451
trust_fused,9.452071890354087,-19.702071890354095,lower_better,source_memory,19.702071890354095,-9.452071890354087,5.1250000000000036,-5.1250000000000036,benign_delivery_cycle_duration_p95_steps,4,9.160922442636437,4.5804612213182185
trust_fused,2.818628104075567,-3.6905670311615486,lower_better,source_memory,3.6905670311615486,-2.818628104075567,0.4359694635429907,-0.4359694635429907,benign_loaded_delivery_duration_mean_steps,4,2.0453432708029657,1.0226716354014829
trust_fused,2.723656917136259,-2.223656917136259,lower_better,source_memory,2.223656917136259,-2.723656917136259,-0.25,0.25,benign_loaded_delivery_duration_median_steps,4,1.5545631755148024,0.7772815877574012
trust_fused,8.462259538509256,-9.212259538509263,lower_better,source_memory,9.212259538509263,-8.462259538509256,0.37500000000000355,-0.37500000000000355,benign_loaded_delivery_duration_p95_steps,4,5.553752485182116,2.776876242591058
trust_fused,308.75033601735083,-169.7503360173508,lower_better,source_memory,169.7503360173508,-308.75033601735083,-69.5,69.5,benign_total_distance,4,150.35624363490862,75.17812181745431
trust_fused,184.64571870747577,-272.6457187074758,lower_better,source_memory,272.6457187074758,-184.64571870747577,44.0,-44.0,benign_planning_checks,4,143.6917998124226,71.8458999062113
trust_fused,25.83492357684628,4.665076423153723,lower_better,source_memory,-4.665076423153723,-25.83492357684628,-15.25,15.25,benign_path_changes,4,6.652067347825035,3.3260336739125176
trust_fused,7.808958284044101,-11.8089582840441,diagnostic,source_memory,,,,-2.0,temporary_obstacle_replan_checks,4,6.164414002968976,3.082207001484488
trust_fused,7.808958284044101,-11.8089582840441,diagnostic,source_memory,,,,-2.0,temporary_obstacle_path_changes,4,6.164414002968976,3.082207001484488
trust_fused,0.0,0.0,diagnostic,source_memory,,,,0.0,robot_on_route_replan_checks,4,0.0,0.0
trust_fused,0.0,0.0,diagnostic,source_memory,,,,0.0,robot_on_route_path_changes,4,0.0,0.0
trust_fused,3.6644255958622542,-9.164425595862255,lower_better,source_memory,9.164425595862255,-3.6644255958622542,2.75,-2.75,malicious_report_replan_checks,4,4.031128874149275,2.0155644370746373
trust_fused,3.6759430482555118,-6.175943048255512,lower_better,source_memory,6.175943048255512,-3.6759430482555118,1.25,-1.25,malicious_report_path_changes,4,3.095695936834452,1.547847968417226
trust_fused,3.9308518086626973,-8.930851808662698,lower_better,source_memory,8.930851808662698,-3.9308518086626973,2.5,-2.5,fake_obstacle_replan_checks,4,4.041451884327381,2.0207259421636903
trust_fused,3.320440542509835,-5.820440542509835,lower_better,source_memory,5.820440542509835,-3.320440542509835,1.25,-1.25,fake_obstacle_path_changes,4,2.8722813232690143,1.4361406616345072
trust_fused,0.0,0.0,lower_better,source_memory,-0.0,-0.0,-0.0,0.0,false_clearance_replan_checks,4,0.0,0.0
trust_fused,0.0,0.0,lower_better,source_memory,-0.0,-0.0,-0.0,0.0,false_clearance_path_changes,4,0.0,0.0
trust_fused,1.2734801808366116,-1.7734801808366116,lower_better,source_memory,1.7734801808366116,-1.2734801808366116,0.25,-0.25,stale_reassertion_replan_checks,4,0.9574271077563381,0.47871355387816905
trust_fused,1.299228263631762,-1.299228263631762,lower_better,source_memory,1.299228263631762,-1.299228263631762,-0.0,0.0,stale_reassertion_path_changes,4,0.816496580927726,0.408248290463863
trust_fused,0.0,0.0,target_zero,source_memory,-0.0,-0.0,-0.0,0.0,benign_blocked_moves,4,0.0,0.0
trust_fused,0.5927637060625344,-0.26866593564123503,lower_better,source_memory,0.26866593564123503,-0.5927637060625344,-0.16204888521064964,0.16204888521064964,replans_per_delivery,4,0.27068159493191035,0.13534079746595518
trust_fused,0.2244066260723409,-0.1442333951638159,lower_better,source_memory,0.1442333951638159,-0.2244066260723409,-0.04008661545426251,0.04008661545426251,traffic_waits_per_delivery,4,0.11583542528973044,0.05791771264486522
trust_fused,0.0,0.0,lower_better,source_memory,-0.0,-0.0,-0.0,0.0,deadlocks_detected,4,0.0,0.0
trust_fused,0.0,0.0,target_zero,source_memory,-0.0,-0.0,-0.0,0.0,robot_overlap_violations,4,0.0,0.0
trust_fused,0.0,0.0,target_zero,source_memory,-0.0,-0.0,-0.0,0.0,intent_commit_mismatches,4,0.0,0.0
trust_fused,0.0,0.0,diagnostic,source_memory,,,,0.0,productive_replan_ratio,4,0.0,0.0
trust_fused,0.0,0.0,diagnostic,source_memory,,,,0.0,time_to_distrust_malicious_robot,4,0.0,0.0
trust_fused,0.0,0.0,diagnostic,source_memory,,,,0.0,time_to_all_benign_distrust,4,0.0,0.0
trust_fused,0.0,0.0,higher_better,source_memory,0.0,0.0,0.0,0.0,distrusted_benign_robot_count,4,0.0,0.0
trust_fused,0.04610858499765723,-0.046393745454502644,diagnostic,source_memory,,,,-0.00014258022842270762,attacker_min_trust_mean,4,0.029066422989794935,0.014533211494897467
trust_fused,0.012484292571336998,-0.004923010554746933,diagnostic,source_memory,,,,0.0037806410082950326,final_attacker_trust_mean,4,0.0054697869048392295,0.0027348934524196148
trust_fused,114.54247541713752,-17.042475417137524,higher_better,source_memory,114.54247541713752,-17.042475417137524,48.75,48.75,malicious_reports_operationally_ignored,4,41.347107919821106,20.673553959910553
trust_fused,1.2560793465697273,-4.256079346569727,lower_better,source_memory,4.256079346569727,-1.2560793465697273,1.5,-1.5,attack_induced_path_changes,4,1.7320508075688772,0.8660254037844386
trust_fused,1.0186210657402759,-2.0272250409556096,lower_better,source_memory,2.0272250409556096,-1.0186210657402759,0.5043019876076668,-0.5043019876076668,attack_route_penalty_mean,4,0.9570769824532083,0.47853849122660413
trust_fused,14.307385405345762,-26.617357316512148,lower_better,source_memory,26.617357316512148,-14.307385405345762,6.154985955583192,-6.154985955583192,attack_route_penalty_max,4,12.859523396734906,6.429761698367453
trust_fused,45.9391553275255,-91.19488302518397,lower_better,source_memory,91.19488302518397,-45.9391553275255,22.62786384882924,-22.62786384882924,attack_route_penalty_total,4,43.09076263889462,21.54538131944731
trust_fused,0.11371654216711022,-0.31674684519741325,lower_better,source_memory,0.31674684519741325,-0.11371654216711022,0.1015151515151515,-0.1015151515151515,attack_extra_path_length_mean,4,0.13526179110944808,0.06763089555472404
trust_fused,1.5469603616732233,-4.546960361673223,lower_better,source_memory,4.546960361673223,-1.5469603616732233,1.5,-1.5,attack_extra_path_length_max,4,1.9148542155126762,0.9574271077563381
trust_fused,5.00303548002157,-14.00303548002157,lower_better,source_memory,14.00303548002157,-5.00303548002157,4.5,-4.5,attack_extra_path_length_total,4,5.972157622389639,2.9860788111948193
trust_fused,30.88294313980544,-92.38294313980543,lower_better,source_memory,92.38294313980543,-30.88294313980544,30.75,-30.75,steps_route_affected_by_attacker,4,38.73306081372863,19.366530406864314
trust_fused,0.47621026718051546,-0.2449173965973674,diagnostic,source_memory,,,,0.11564643529157403,recovery_start_attacker_trust_mean,4,0.22659539065181625,0.11329769532590812
trust_fused,0.2404963058187074,-0.46298639243684936,diagnostic,source_memory,,,,-0.11124504330907097,recovery_trust_gain,4,0.2210509245934446,0.1105254622967223
trust_fused,0.0,0.0,higher_better,source_memory,0.0,0.0,0.0,0.0,deliveries_during_recon,4,0.0,0.0
trust_fused,4.262136813871569,-1.7621368138715692,higher_better,source_memory,4.262136813871569,-1.7621368138715692,1.25,1.25,deliveries_during_attack,4,1.8929694486000912,0.9464847243000456
trust_fused,1.5542602567710375,-2.5542602567710375,higher_better,source_memory,1.5542602567710375,-2.5542602567710375,-0.5,-0.5,deliveries_during_recovery,4,1.2909944487358056,0.6454972243679028
trust_fused,9.418126614627083,-9.918126614627083,lower_better,source_memory,9.918126614627083,-9.418126614627083,0.25,-0.25,traffic_wait_steps_during_attack,4,6.075908711186061,3.0379543555930306
trust_fused,19.331299628223576,-6.831299628223578,lower_better,source_memory,6.831299628223578,-19.331299628223576,-6.25,6.25,replans_during_attack,4,8.220908303425682,4.110454151712841
trust_fused,1.1020287201263914,-1.3226169554205092,lower_better,source_memory,1.3226169554205092,-1.1020287201263914,0.11029411764705882,-0.11029411764705882,mean_influential_fake_cells_during_attack,4,0.7618810949014068,0.3809405474507034
trust_fused,1.1020287201263914,-1.3226169554205092,lower_better,source_memory,1.3226169554205092,-1.1020287201263914,0.11029411764705882,-0.11029411764705882,attack_mean_influential_fake_cells,4,0.7618810949014068,0.3809405474507034
trust_fused,0.014493363309887531,-0.028463951545181648,lower_better,source_memory,0.028463951545181648,-0.014493363309887531,0.006985294117647058,-0.006985294117647058,attack_fraction_samples_influenced,4,0.013498205699033691,0.006749102849516846
trust_fused,0.27422244310608596,-0.37125383960715824,lower_better,source_memory,0.37125383960715824,-0.27422244310608596,0.04851569825053614,-0.04851569825053614,attack_mean_attacker_route_cost,4,0.20282393504590396,0.10141196752295198
trust_fused,0.014493363309887531,-0.028463951545181648,lower_better,source_memory,0.028463951545181648,-0.014493363309887531,0.006985294117647058,-0.006985294117647058,attack_fraction_route_affected,4,0.013498205699033691,0.006749102849516846
